arm,label,status,wall_s,calls,rounds,read_calls,view_calls,response_wait_s,emission_window_s,remote_cli_s,tokens,all_models_reported_tokens,output_tokens,reported_thinking_tokens,reported_cost_usd,grasp_id,quality,api_retry_count
A_files_split,A 文件上下文·两次调用,COMPLETED,487.96760785672814,2,15,33,8,85.61708426428959,348.65272141620517,451.40159676400003,382031,388972,28904,20525,1.3745815,R088,离线检查通过,0
B_inline_split,B 内联上下文·两次调用,COMPLETED,366.0105640506372,2,4,0,4,33.38274826668203,300.48895138455555,336.197912545,143716,169537,53122,45850,1.8855639999999998,R088,需复核,0
C_inline_merged,C 内联上下文·合并调用,COMPLETED,418.7241653734818,1,3,0,4,241.28033166052774,160.89815470250323,403.567317992,105903,122220,12129,8231,0.72940375,R089,离线检查通过,1
D_ordered,D 明确决策步骤,COMPLETED,285.368341316469,1,4,0,4,41.70323466742411,227.47872323729098,270.629775199,105476,121914,4342,505,0.4099405,R088,离线检查通过,0
E_geometry,E 步骤 + 几何代码,COMPLETED,240.4173452341929,1,2,0,2,18.151879385113716,206.2498575677164,225.450317251,103453,138186,34892,29120,1.3215533000000002,R099,离线检查通过,0
F_concise,F 简洁输出,COMPLETED,228.903195342049,1,2,0,2,17.795720431022346,191.8455995391123,210.572110114,87814,104029,32488,27717,1.1288,R088,离线检查通过,0
G_direct,G 图片直接输入,COMPLETED,219.04144776705652,1,1,0,0,39.774253556039184,156.77361789671704,207.445252196,57769,72473,26419,20721,0.871174,R088,离线检查通过,0
C_repeat,C′ 合并调用复测,COMPLETED,226.16323713492602,1,4,0,3,22.01101377699524,190.53462990699336,213.486740878,159886,176194,14404,6790,0.71432675,R089,离线检查通过,0
H_low_effort,H 同模型·low effort,COMPLETED,93.55949348863214,1,2,0,2,27.774332259315997,46.385930673219264,75.451734563,60134,76418,3990,1064,0.3272445,R088,需复核,0
I_matched_inline,I 实际已读内容内联,COMPLETED,297.2875091843307,2,6,0,6,62.102873677387834,181.59945533657447,254.634261208,177730,207855,14176,9491,0.863928,R088,离线检查通过,0
