segment,iteration,step,record_status,reference,surface_z_mm,requested_z_mm,resolved_z_mm,z_rewritten,acquisition,progress,experience
1,1,left_sleeve,FOLD,R101,32.841556549072266,24.841556549072266,24.841556549072266,False,SUCCESS,IMPROVED,FAILED
1,2,right_sleeve,FOLD,R087,34.197235107421875,26.197235107421875,26.197235107421875,False,FAILURE,NEUTRAL,FAILED
1,3,right_sleeve,FOLD,R087,34.197235107421875,30.197235107421875,30.197235107421875,False,FAILURE,NEUTRAL,COMPLETED
1,4,right_sleeve,FOLD,R087,34.197235107421875,32.197235107421875,32.197235107421875,False,FAILURE,NEUTRAL,FAILED
1,5,right_sleeve,FOLD,R087,34.197235107421875,33.197235107421875,33.197235107421875,False,FAILURE,NEUTRAL,FAILED
1,6,right_sleeve,PLANNING_FAILURE,,,,,,,,SKIPPED
1,7,,FAILED,,,,,,UNKNOWN,NEUTRAL,SKIPPED
2,1,right_sleeve,FOLD,R097,28.8350772857666,20.8350772857666,20.8350772857666,False,SUCCESS,IMPROVED,FAILED
2,2,left_side,FOLD,R074,44.04507064819336,36.04507064819336,36.04507064819336,False,SUCCESS,IMPROVED,FAILED
2,3,left_side,FOLD,R029,39.25246810913086,31.25246810913086,31.25246810913086,False,SUCCESS,IMPROVED,FAILED
2,4,right_side,FOLD,R034,31.705472946166992,23.705472946166992,23.705472946166992,False,SUCCESS,NEUTRAL,COMPLETED
2,5,right_side,FOLD,R030,29.266239166259766,21.266239166259766,21.266239166259766,False,FAILURE,NEUTRAL,COMPLETED
2,6,right_side,FOLD,R030,29.266239166259766,24.266,24.266,False,UNKNOWN,NEUTRAL,FAILED
2,7,right_side,FOLD,R013,42.229408264160156,34.229408264160156,34.229408264160156,False,SUCCESS,IMPROVED,FAILED
2,8,hem_up,FOLD,R005,45.00318145751953,37.00318145751953,37.00318145751953,False,SUCCESS,IMPROVED,COMPLETED
